Id;Operação;Data;Loja;Produto;Vendedor;Quantidade; Preço ; Valor Total 
1;Venda;17/12/2021;Loja 4;00003;005;1; 15,00 ; 15,00 
2;Venda;30/08/2021;Loja 4;00010;005;2; 180,00 ; 360,00 
3;Venda;12/01/2021;Loja 5;00001;003;2; 435,00 ; 870,00 
4;Venda;06/05/2021;Loja 1;00007;002;1; 700,00 ; 700,00 
5;Venda;08/08/2021;Loja 2;00010;004;2; 180,00 ; 360,00 
6;Venda;28/12/2021;Loja 2;00007;004;1; 700,00 ; 700,00 
7;Venda;27/02/2022;Loja 5;00002;004;2; 250,00 ; 500,00 
8;Devolução;13/02/2021;Loja 2;00001;003;2; 435,00 ; 870,00 
9;Venda;07/02/2022;Loja 4;00008;005;1; 650,00 ; 650,00 
10;Venda;06/01/2022;Loja 2;00002;004;3; 250,00 ; 750,00 
11;Venda;17/01/2021;Loja 2;00010;004;2; 180,00 ; 360,00 
12;Venda;19/01/2021;Loja 2;00003;003;1; 15,00 ; 15,00 
13;Venda;29/08/2021;Loja 4;00010;005;2; 180,00 ; 360,00 
14;Devolução;12/03/2021;Loja 1;00010;001;2; 180,00 ; 360,00 
15;Devolução;10/09/2021;Loja 4;00008;005;1; 650,00 ; 650,00 
16;Devolução;22/12/2021;Loja 1;00008;001;1; 650,00 ; 650,00 
17;Venda;06/07/2021;Loja 2;00007;004;1; 700,00 ; 700,00 
18;Venda;25/10/2021;Loja 1;00002;002;2; 250,00 ; 500,00 
19;Venda;06/08/2021;Loja 2;00008;003;1; 650,00 ; 650,00 
20;Venda;21/09/2021;Loja 2;00008;004;1; 650,00 ; 650,00 
21;Venda;03/05/2021;Loja 2;00003;004;1; 15,00 ; 15,00 
22;Venda;28/09/2021;Loja 3;00008;004;1; 650,00 ; 650,00 
23;Venda;30/09/2021;Loja 1;00009;001;2; 80,00 ; 160,00 
24;Venda;15/10/2021;Loja 1;00001;002;3; 435,00 ; 1.305,00 
25;Devolução;16/05/2021;Loja 2;00005;003;2; 55,00 ; 110,00 
26;Venda;28/04/2021;Loja 4;00003;005;1; 15,00 ; 15,00 
27;Venda;03/02/2021;Loja 2;00007;004;1; 700,00 ; 700,00 
28;Venda;30/01/2021;Loja 4;00005;005;2; 55,00 ; 110,00 
29;Venda;12/08/2021;Loja 2;00005;004;1; 55,00 ; 55,00 
30;Venda;30/01/2021;Loja 4;00009;005;1; 80,00 ; 80,00 
31;Venda;27/01/2021;Loja 4;00008;005;1; 650,00 ; 650,00 
32;Venda;10/01/2021;Loja 1;00002;002;2; 250,00 ; 500,00 
33;Venda;07/02/2022;Loja 3;00001;003;2; 435,00 ; 870,00 
34;Venda;11/01/2021;Loja 4;00002;005;3; 250,00 ; 750,00 
35;Venda;03/12/2021;Loja 4;00003;005;1; 15,00 ; 15,00 
36;Venda;11/07/2021;Loja 5;00004;004;4; 22,00 ; 88,00 
37;Venda;20/03/2021;Loja 3;00006;003;2; 250,00 ; 500,00 
38;Venda;06/10/2021;Loja 2;00001;004;2; 435,00 ; 870,00 
39;Venda;19/03/2021;Loja 1;00004;001;4; 22,00 ; 88,00 
40;Venda;10/01/2021;Loja 2;00004;004;4; 22,00 ; 88,00 
41;Venda;13/01/2022;Loja 2;00002;004;2; 250,00 ; 500,00 
42;Venda;16/10/2021;Loja 3;00005;003;1; 55,00 ; 55,00 
43;Venda;12/12/2021;Loja 4;00006;005;2; 250,00 ; 500,00 
44;Venda;23/12/2021;Loja 3;00007;003;1; 700,00 ; 700,00 
45;Venda;08/10/2021;Loja 2;00007;003;1; 700,00 ; 700,00 
46;Venda;17/08/2021;Loja 3;00002;004;2; 250,00 ; 500,00 
47;Venda;24/01/2021;Loja 4;00006;005;2; 250,00 ; 500,00 
48;Venda;22/02/2021;Loja 2;00003;004;1; 15,00 ; 15,00 
49;Devolução;25/06/2021;Loja 4;00007;005;1; 700,00 ; 700,00 
50;Venda;14/11/2021;Loja 4;00006;005;2; 250,00 ; 500,00 
51;Venda;18/05/2021;Loja 5;00004;004;4; 22,00 ; 88,00 
52;Venda;04/01/2021;Loja 2;00006;003;2; 250,00 ; 500,00 
53;Devolução;03/03/2021;Loja 5;00005;003;1; 55,00 ; 55,00 
54;Venda;16/08/2021;Loja 3;00009;004;2; 80,00 ; 160,00 
55;Venda;09/01/2022;Loja 5;00007;003;1; 700,00 ; 700,00 
56;Venda;26/07/2021;Loja 1;00008;002;1; 650,00 ; 650,00 
57;Venda;05/03/2021;Loja 5;00006;003;2; 250,00 ; 500,00 
58;Venda;05/04/2021;Loja 1;00008;002;1; 650,00 ; 650,00 
59;Venda;20/04/2021;Loja 3;00002;004;2; 250,00 ; 500,00 
60;Devolução;17/04/2021;Loja 4;00008;005;1; 650,00 ; 650,00 
61;Devolução;16/10/2021;Loja 1;00003;001;1; 15,00 ; 15,00 
62;Venda;14/02/2021;Loja 5;00008;003;1; 650,00 ; 650,00 
63;Venda;17/02/2022;Loja 2;00001;003;3; 435,00 ; 1.305,00 
64;Venda;21/03/2021;Loja 3;00009;004;1; 80,00 ; 80,00 
65;Venda;19/09/2021;Loja 1;00008;002;1; 650,00 ; 650,00 
66;Devolução;23/08/2021;Loja 3;00007;004;1; 700,00 ; 700,00 
67;Venda;31/12/2021;Loja 5;00005;004;1; 55,00 ; 55,00 
68;Venda;16/07/2021;Loja 3;00002;003;2; 250,00 ; 500,00 
69;Venda;02/01/2022;Loja 2;00002;003;2; 250,00 ; 500,00 
70;Venda;07/09/2021;Loja 2;00009;003;2; 80,00 ; 160,00 
71;Venda;07/01/2021;Loja 4;00005;005;1; 55,00 ; 55,00 
72;Venda;19/05/2021;Loja 2;00005;003;1; 55,00 ; 55,00 
73;Venda;23/05/2021;Loja 1;00007;002;1; 700,00 ; 700,00 
74;Venda;09/12/2021;Loja 1;00003;002;1; 15,00 ; 15,00 
75;Venda;04/12/2021;Loja 3;00009;004;1; 80,00 ; 80,00 
76;Devolução;19/01/2021;Loja 3;00001;004;2; 435,00 ; 870,00 
77;Venda;12/09/2021;Loja 5;00004;003;4; 22,00 ; 88,00 
78;Devolução;08/11/2021;Loja 4;00009;005;2; 80,00 ; 160,00 
79;Venda;24/03/2021;Loja 1;00003;002;1; 15,00 ; 15,00 
80;Venda;04/11/2021;Loja 2;00009;004;1; 80,00 ; 80,00 
81;Venda;28/06/2021;Loja 1;00002;001;3; 250,00 ; 750,00 
82;Venda;07/12/2021;Loja 5;00010;004;2; 180,00 ; 360,00 
83;Venda;13/07/2021;Loja 2;00003;003;1; 15,00 ; 15,00 
84;Venda;05/10/2021;Loja 5;00006;003;2; 250,00 ; 500,00 
85;Venda;03/07/2021;Loja 3;00009;004;2; 80,00 ; 160,00 
86;Venda;06/01/2021;Loja 2;00009;004;2; 80,00 ; 160,00 
87;Devolução;19/12/2021;Loja 2;00002;004;2; 250,00 ; 500,00 
88;Venda;13/10/2021;Loja 1;00004;002;4; 22,00 ; 88,00 
89;Devolução;16/08/2021;Loja 2;00003;003;1; 15,00 ; 15,00 
90;Venda;27/11/2021;Loja 4;00001;005;2; 435,00 ; 870,00 
91;Venda;13/07/2021;Loja 4;00002;005;4; 250,00 ; 1.000,00 
92;Venda;11/07/2021;Loja 3;00003;003;1; 15,00 ; 15,00 
93;Venda;27/10/2021;Loja 4;00001;005;2; 435,00 ; 870,00 
94;Venda;28/05/2021;Loja 3;00005;003;1; 55,00 ; 55,00 
95;Venda;16/02/2022;Loja 3;00005;004;1; 55,00 ; 55,00 
96;Venda;30/03/2021;Loja 5;00008;004;1; 650,00 ; 650,00 
97;Venda;16/03/2021;Loja 4;00005;005;1; 55,00 ; 55,00 
98;Venda;23/11/2021;Loja 1;00009;001;2; 80,00 ; 160,00 
99;Venda;13/01/2022;Loja 4;00004;005;4; 22,00 ; 88,00 
100;Devolução;15/11/2021;Loja 2;00008;003;1; 650,00 ; 650,00 
101;Venda;14/07/2021;Loja 4;00006;005;2; 250,00 ; 500,00 
102;Venda;05/01/2021;Loja 5;00003;003;1; 15,00 ; 15,00 
103;Venda;11/05/2021;Loja 5;00005;004;2; 55,00 ; 110,00 
104;Venda;28/08/2021;Loja 2;00005;003;1; 55,00 ; 55,00 
105;Venda;09/02/2021;Loja 3;00005;004;1; 55,00 ; 55,00 
106;Venda;17/06/2021;Loja 5;00008;004;1; 650,00 ; 650,00 
107;Devolução;12/12/2021;Loja 1;00002;002;2; 250,00 ; 500,00 
108;Venda;06/04/2021;Loja 3;00008;004;1; 650,00 ; 650,00 
109;Venda;04/05/2021;Loja 2;00009;004;1; 80,00 ; 80,00 
110;Venda;11/06/2021;Loja 1;00005;002;2; 55,00 ; 110,00 
111;Venda;07/01/2022;Loja 3;00003;004;1; 15,00 ; 15,00 
112;Venda;01/12/2021;Loja 1;00003;002;1; 15,00 ; 15,00 
113;Devolução;03/04/2021;Loja 2;00001;004;2; 435,00 ; 870,00 
114;Venda;20/06/2021;Loja 4;00005;005;1; 55,00 ; 55,00 
115;Venda;04/08/2021;Loja 1;00007;002;1; 700,00 ; 700,00 
116;Venda;24/02/2021;Loja 5;00002;003;2; 250,00 ; 500,00 
117;Venda;11/10/2021;Loja 5;00008;004;1; 650,00 ; 650,00 
118;Venda;11/12/2021;Loja 1;00001;001;4; 435,00 ; 1.740,00 
119;Venda;28/06/2021;Loja 5;00003;004;1; 15,00 ; 15,00 
120;Venda;03/03/2021;Loja 5;00007;003;1; 700,00 ; 700,00 
121;Venda;14/11/2021;Loja 3;00004;003;4; 22,00 ; 88,00 
122;Venda;10/04/2021;Loja 4;00003;005;1; 15,00 ; 15,00 
123;Venda;22/03/2021;Loja 3;00001;004;2; 435,00 ; 870,00 
124;Venda;12/07/2021;Loja 3;00001;003;2; 435,00 ; 870,00 
125;Venda;27/02/2021;Loja 4;00003;005;1; 15,00 ; 15,00 
126;Venda;10/12/2021;Loja 4;00001;005;2; 435,00 ; 870,00 
127;Venda;16/02/2022;Loja 5;00004;003;4; 22,00 ; 88,00 
128;Venda;24/11/2021;Loja 5;00005;003;1; 55,00 ; 55,00 
129;Venda;08/05/2021;Loja 5;00005;004;2; 55,00 ; 110,00 
130;Devolução;01/09/2021;Loja 1;00009;001;1; 80,00 ; 80,00 
131;Venda;21/05/2021;Loja 5;00008;003;1; 650,00 ; 650,00 
132;Venda;13/02/2021;Loja 5;00007;003;1; 700,00 ; 700,00 
133;Devolução;06/03/2021;Loja 1;00006;001;2; 250,00 ; 500,00 
134;Venda;04/06/2021;Loja 4;00002;005;2; 250,00 ; 500,00 
135;Venda;18/06/2021;Loja 1;00001;002;3; 435,00 ; 1.305,00 
136;Venda;22/01/2022;Loja 2;00001;004;4; 435,00 ; 1.740,00 
137;Devolução;24/11/2021;Loja 4;00010;005;2; 180,00 ; 360,00 
138;Venda;17/05/2021;Loja 4;00002;005;2; 250,00 ; 500,00 
139;Venda;19/07/2021;Loja 2;00007;004;1; 700,00 ; 700,00 
140;Venda;28/03/2021;Loja 2;00008;003;1; 650,00 ; 650,00 
141;Venda;12/01/2022;Loja 1;00010;001;2; 180,00 ; 360,00 
142;Venda;17/08/2021;Loja 4;00001;005;4; 435,00 ; 1.740,00 
143;Venda;12/03/2021;Loja 4;00003;005;1; 15,00 ; 15,00 
144;Venda;16/01/2022;Loja 1;00003;001;1; 15,00 ; 15,00 
145;Devolução;29/01/2021;Loja 3;00009;003;2; 80,00 ; 160,00 
146;Venda;12/12/2021;Loja 5;00008;004;1; 650,00 ; 650,00 
147;Venda;16/11/2021;Loja 3;00009;003;2; 80,00 ; 160,00 
148;Venda;14/01/2021;Loja 2;00009;004;1; 80,00 ; 80,00 
149;Venda;14/02/2022;Loja 2;00003;003;1; 15,00 ; 15,00 
150;Venda;26/01/2021;Loja 3;00002;003;2; 250,00 ; 500,00 
151;Venda;13/09/2021;Loja 3;00001;003;2; 435,00 ; 870,00 
152;Devolução;02/05/2021;Loja 5;00010;004;2; 180,00 ; 360,00 
153;Venda;29/09/2021;Loja 1;00009;002;1; 80,00 ; 80,00 
154;Devolução;25/02/2021;Loja 3;00006;004;2; 250,00 ; 500,00 
155;Venda;17/12/2021;Loja 5;00010;003;2; 180,00 ; 360,00 
156;Venda;11/07/2021;Loja 2;00006;004;2; 250,00 ; 500,00 
157;Venda;05/01/2022;Loja 4;00006;005;2; 250,00 ; 500,00 
158;Venda;23/02/2021;Loja 2;00009;003;2; 80,00 ; 160,00 
159;Venda;31/01/2021;Loja 5;00003;004;1; 15,00 ; 15,00 
160;Venda;14/12/2021;Loja 1;00008;001;1; 650,00 ; 650,00 
161;Venda;07/05/2021;Loja 5;00001;003;4; 435,00 ; 1.740,00 
162;Venda;25/01/2022;Loja 4;00002;005;3; 250,00 ; 750,00 
163;Venda;06/11/2021;Loja 1;00002;001;2; 250,00 ; 500,00 
164;Devolução;16/11/2021;Loja 1;00003;002;1; 15,00 ; 15,00 
165;Venda;16/11/2021;Loja 4;00001;005;4; 435,00 ; 1.740,00 
166;Devolução;10/09/2021;Loja 5;00001;003;2; 435,00 ; 870,00 
167;Venda;31/01/2021;Loja 5;00006;003;2; 250,00 ; 500,00 
168;Devolução;17/02/2022;Loja 3;00005;004;1; 55,00 ; 55,00 
169;Venda;13/07/2021;Loja 4;00001;005;4; 435,00 ; 1.740,00 
170;Venda;22/12/2021;Loja 4;00002;005;2; 250,00 ; 500,00 
171;Devolução;25/06/2021;Loja 5;00001;003;2; 435,00 ; 870,00 
172;Venda;20/04/2021;Loja 3;00004;004;4; 22,00 ; 88,00 
173;Venda;16/01/2022;Loja 2;00009;003;1; 80,00 ; 80,00 
174;Devolução;07/02/2021;Loja 5;00009;003;1; 80,00 ; 80,00 
175;Venda;10/04/2021;Loja 5;00008;003;1; 650,00 ; 650,00 
176;Venda;03/09/2021;Loja 4;00008;005;1; 650,00 ; 650,00 
177;Venda;09/02/2022;Loja 3;00004;004;4; 22,00 ; 88,00 
178;Venda;16/03/2021;Loja 1;00006;002;2; 250,00 ; 500,00 
179;Venda;26/10/2021;Loja 3;00009;003;2; 80,00 ; 160,00 
180;Venda;15/11/2021;Loja 2;00003;004;1; 15,00 ; 15,00 
181;Devolução;03/09/2021;Loja 2;00006;003;2; 250,00 ; 500,00 
182;Venda;04/01/2021;Loja 5;00006;004;2; 250,00 ; 500,00 
183;Venda;14/11/2021;Loja 4;00007;005;1; 700,00 ; 700,00 
184;Devolução;25/12/2021;Loja 5;00003;004;1; 15,00 ; 15,00 
185;Venda;04/06/2021;Loja 2;00007;003;1; 700,00 ; 700,00 
186;Venda;22/11/2021;Loja 4;00008;005;1; 650,00 ; 650,00 
187;Venda;04/12/2021;Loja 5;00009;003;2; 80,00 ; 160,00 
188;Venda;14/07/2021;Loja 4;00004;005;4; 22,00 ; 88,00 
189;Venda;04/12/2021;Loja 3;00009;004;1; 80,00 ; 80,00 
190;Venda;04/07/2021;Loja 1;00001;001;4; 435,00 ; 1.740,00 
191;Venda;07/05/2021;Loja 3;00007;003;1; 700,00 ; 700,00 
192;Venda;01/02/2022;Loja 2;00003;003;1; 15,00 ; 15,00 
193;Venda;22/05/2021;Loja 4;00004;005;4; 22,00 ; 88,00 
194;Venda;14/06/2021;Loja 3;00004;004;4; 22,00 ; 88,00 
195;Venda;23/02/2021;Loja 3;00002;004;4; 250,00 ; 1.000,00 
196;Venda;20/04/2021;Loja 4;00010;005;2; 180,00 ; 360,00 
197;Venda;13/01/2021;Loja 3;00009;004;2; 80,00 ; 160,00 
198;Venda;28/12/2021;Loja 1;00009;002;2; 80,00 ; 160,00 
199;Venda;23/06/2021;Loja 5;00004;003;4; 22,00 ; 88,00 
200;Venda;02/11/2021;Loja 3;00002;003;2; 250,00 ; 500,00 
201;Venda;15/01/2021;Loja 1;00008;002;1; 650,00 ; 650,00 
202;Venda;11/06/2021;Loja 2;00003;003;1; 15,00 ; 15,00 
203;Venda;04/03/2021;Loja 5;00008;003;1; 650,00 ; 650,00 
204;Venda;01/12/2021;Loja 2;00003;004;1; 15,00 ; 15,00 
205;Venda;08/06/2021;Loja 2;00009;004;1; 80,00 ; 80,00 
206;Venda;25/01/2021;Loja 1;00007;001;1; 700,00 ; 700,00 
207;Venda;17/01/2021;Loja 2;00008;003;1; 650,00 ; 650,00 
208;Venda;11/01/2021;Loja 3;00006;004;2; 250,00 ; 500,00 
209;Venda;01/12/2021;Loja 4;00010;005;2; 180,00 ; 360,00 
210;Venda;08/02/2021;Loja 3;00004;003;4; 22,00 ; 88,00 
211;Venda;17/08/2021;Loja 1;00003;001;1; 15,00 ; 15,00 
212;Venda;30/07/2021;Loja 2;00010;003;2; 180,00 ; 360,00 
213;Venda;11/05/2021;Loja 4;00008;005;1; 650,00 ; 650,00 
214;Venda;11/01/2022;Loja 5;00002;003;3; 250,00 ; 750,00 
215;Venda;14/01/2022;Loja 4;00004;005;4; 22,00 ; 88,00 
216;Venda;26/01/2022;Loja 2;00004;004;4; 22,00 ; 88,00 
217;Venda;03/09/2021;Loja 2;00001;004;4; 435,00 ; 1.740,00 
218;Venda;28/05/2021;Loja 4;00005;005;2; 55,00 ; 110,00 
219;Venda;09/05/2021;Loja 5;00009;003;2; 80,00 ; 160,00 
220;Venda;08/02/2022;Loja 5;00010;004;2; 180,00 ; 360,00 
221;Venda;25/06/2021;Loja 5;00002;004;2; 250,00 ; 500,00 
222;Venda;11/02/2021;Loja 1;00003;001;1; 15,00 ; 15,00 
223;Venda;11/03/2021;Loja 5;00007;003;1; 700,00 ; 700,00 
224;Venda;30/09/2021;Loja 1;00006;002;2; 250,00 ; 500,00 
225;Venda;05/01/2022;Loja 3;00004;004;4; 22,00 ; 88,00 
226;Venda;03/01/2021;Loja 1;00001;001;2; 435,00 ; 870,00 
227;Venda;09/10/2021;Loja 1;00002;002;2; 250,00 ; 500,00 
228;Venda;04/02/2022;Loja 1;00010;002;2; 180,00 ; 360,00 
229;Venda;20/01/2021;Loja 2;00010;003;2; 180,00 ; 360,00 
230;Venda;06/02/2022;Loja 4;00003;005;1; 15,00 ; 15,00 
231;Venda;04/01/2021;Loja 1;00004;002;4; 22,00 ; 88,00 
232;Venda;18/01/2022;Loja 1;00008;002;1; 650,00 ; 650,00 
233;Venda;10/10/2021;Loja 5;00007;003;1; 700,00 ; 700,00 
234;Venda;12/01/2021;Loja 2;00003;004;1; 15,00 ; 15,00 
235;Venda;13/02/2021;Loja 3;00005;003;1; 55,00 ; 55,00 
236;Venda;11/12/2021;Loja 3;00010;003;2; 180,00 ; 360,00 
237;Venda;22/08/2021;Loja 1;00010;002;2; 180,00 ; 360,00 
238;Venda;15/05/2021;Loja 5;00001;004;2; 435,00 ; 870,00 
239;Venda;19/02/2022;Loja 1;00003;001;1; 15,00 ; 15,00 
240;Venda;19/02/2022;Loja 3;00008;004;1; 650,00 ; 650,00 
241;Devolução;27/10/2021;Loja 4;00005;005;1; 55,00 ; 55,00 
242;Venda;06/02/2022;Loja 3;00003;003;1; 15,00 ; 15,00 
243;Venda;27/12/2021;Loja 5;00008;003;1; 650,00 ; 650,00 
244;Venda;01/01/2022;Loja 2;00007;003;1; 700,00 ; 700,00 
245;Venda;14/06/2021;Loja 1;00004;001;4; 22,00 ; 88,00 
246;Venda;30/10/2021;Loja 2;00005;004;2; 55,00 ; 110,00 
247;Venda;07/05/2021;Loja 5;00003;004;1; 15,00 ; 15,00 
248;Venda;26/11/2021;Loja 5;00002;003;2; 250,00 ; 500,00 
249;Venda;31/03/2021;Loja 4;00001;005;2; 435,00 ; 870,00 
250;Venda;17/03/2021;Loja 3;00001;004;4; 435,00 ; 1.740,00 
251;Venda;11/07/2021;Loja 1;00006;002;2; 250,00 ; 500,00 
252;Venda;20/11/2021;Loja 2;00001;004;2; 435,00 ; 870,00 
253;Venda;06/12/2021;Loja 4;00007;005;1; 700,00 ; 700,00 
254;Venda;10/06/2021;Loja 4;00005;005;2; 55,00 ; 110,00 
255;Venda;16/02/2022;Loja 5;00004;004;4; 22,00 ; 88,00 
256;Venda;25/10/2021;Loja 3;00008;003;1; 650,00 ; 650,00 
257;Venda;17/12/2021;Loja 3;00007;003;1; 700,00 ; 700,00 
258;Venda;25/08/2021;Loja 5;00009;004;2; 80,00 ; 160,00 
259;Venda;20/04/2021;Loja 4;00007;005;1; 700,00 ; 700,00 
260;Venda;19/11/2021;Loja 3;00002;003;3; 250,00 ; 750,00 
261;Venda;28/09/2021;Loja 3;00002;004;2; 250,00 ; 500,00 
262;Venda;20/10/2021;Loja 4;00005;005;2; 55,00 ; 110,00 
263;Venda;20/07/2021;Loja 4;00006;005;2; 250,00 ; 500,00 
264;Venda;19/05/2021;Loja 4;00006;005;2; 250,00 ; 500,00 
265;Venda;29/01/2022;Loja 3;00009;004;2; 80,00 ; 160,00 
266;Devolução;01/02/2022;Loja 1;00004;002;4; 22,00 ; 88,00 
267;Venda;08/06/2021;Loja 3;00002;003;2; 250,00 ; 500,00 
268;Venda;01/12/2021;Loja 1;00001;002;4; 435,00 ; 1.740,00 
269;Venda;24/01/2021;Loja 5;00002;003;2; 250,00 ; 500,00 
270;Venda;23/02/2021;Loja 3;00002;004;2; 250,00 ; 500,00 
271;Venda;03/10/2021;Loja 5;00009;003;2; 80,00 ; 160,00 
272;Venda;01/01/2022;Loja 5;00004;004;4; 22,00 ; 88,00 
273;Devolução;09/07/2021;Loja 5;00002;004;2; 250,00 ; 500,00 
274;Venda;26/10/2021;Loja 2;00002;004;2; 250,00 ; 500,00 
275;Venda;16/06/2021;Loja 1;00001;002;2; 435,00 ; 870,00 
276;Venda;05/06/2021;Loja 2;00009;003;1; 80,00 ; 80,00 
277;Venda;27/03/2021;Loja 1;00005;002;1; 55,00 ; 55,00 
278;Devolução;16/03/2021;Loja 2;00009;004;1; 80,00 ; 80,00 
279;Venda;10/07/2021;Loja 2;00007;004;1; 700,00 ; 700,00 
280;Venda;10/02/2022;Loja 1;00003;002;1; 15,00 ; 15,00 
281;Venda;28/02/2022;Loja 4;00010;005;2; 180,00 ; 360,00 
282;Venda;30/11/2021;Loja 2;00004;004;4; 22,00 ; 88,00 
283;Venda;19/11/2021;Loja 5;00010;004;2; 180,00 ; 360,00 
284;Devolução;15/02/2022;Loja 1;00003;001;1; 15,00 ; 15,00 
285;Venda;16/03/2021;Loja 1;00009;001;2; 80,00 ; 160,00 
286;Venda;26/10/2021;Loja 1;00003;002;1; 15,00 ; 15,00 
287;Venda;18/10/2021;Loja 3;00006;003;2; 250,00 ; 500,00 
288;Venda;05/10/2021;Loja 5;00004;003;4; 22,00 ; 88,00 
289;Venda;02/09/2021;Loja 5;00001;003;3; 435,00 ; 1.305,00 
290;Venda;06/02/2022;Loja 2;00009;003;1; 80,00 ; 80,00 
291;Venda;23/01/2021;Loja 2;00010;003;2; 180,00 ; 360,00 
292;Venda;17/03/2021;Loja 2;00009;003;2; 80,00 ; 160,00 
293;Venda;21/03/2021;Loja 2;00009;004;1; 80,00 ; 80,00 
294;Venda;16/01/2022;Loja 1;00003;002;1; 15,00 ; 15,00 
295;Venda;15/03/2021;Loja 4;00005;005;1; 55,00 ; 55,00 
296;Venda;12/04/2021;Loja 3;00004;004;4; 22,00 ; 88,00 
297;Venda;18/01/2021;Loja 4;00003;005;1; 15,00 ; 15,00 
298;Venda;20/02/2022;Loja 4;00005;005;2; 55,00 ; 110,00 
299;Venda;30/10/2021;Loja 5;00010;003;2; 180,00 ; 360,00 
300;Devolução;07/06/2021;Loja 5;00007;003;1; 700,00 ; 700,00 
301;Venda;05/09/2021;Loja 3;00003;004;1; 15,00 ; 15,00 
302;Venda;12/07/2021;Loja 1;00005;002;2; 55,00 ; 110,00 
303;Venda;01/07/2021;Loja 5;00010;003;2; 180,00 ; 360,00 
304;Venda;09/09/2021;Loja 4;00005;005;2; 55,00 ; 110,00 
305;Venda;14/10/2021;Loja 4;00003;005;1; 15,00 ; 15,00 
306;Venda;23/02/2022;Loja 5;00001;003;3; 435,00 ; 1.305,00 
307;Venda;27/11/2021;Loja 5;00005;003;1; 55,00 ; 55,00 
308;Venda;26/01/2021;Loja 5;00006;004;2; 250,00 ; 500,00 
309;Venda;21/08/2021;Loja 3;00010;003;2; 180,00 ; 360,00 
310;Venda;22/06/2021;Loja 1;00010;001;2; 180,00 ; 360,00 
311;Venda;21/09/2021;Loja 1;00006;001;2; 250,00 ; 500,00 
312;Venda;21/06/2021;Loja 2;00005;004;1; 55,00 ; 55,00 
313;Devolução;08/09/2021;Loja 2;00005;004;2; 55,00 ; 110,00 
314;Devolução;22/04/2021;Loja 5;00003;004;1; 15,00 ; 15,00 
315;Venda;30/07/2021;Loja 2;00007;004;1; 700,00 ; 700,00 
316;Venda;15/02/2022;Loja 2;00009;004;2; 80,00 ; 160,00 
317;Venda;28/05/2021;Loja 5;00003;004;1; 15,00 ; 15,00 
318;Venda;23/11/2021;Loja 4;00010;005;2; 180,00 ; 360,00 
319;Venda;19/06/2021;Loja 1;00002;001;4; 250,00 ; 1.000,00 
320;Venda;14/09/2021;Loja 2;00003;003;1; 15,00 ; 15,00 
321;Venda;11/09/2021;Loja 4;00008;005;1; 650,00 ; 650,00 
322;Venda;12/04/2021;Loja 5;00001;004;2; 435,00 ; 870,00 
323;Venda;25/12/2021;Loja 4;00006;005;2; 250,00 ; 500,00 
324;Venda;21/10/2021;Loja 2;00007;004;1; 700,00 ; 700,00 
325;Venda;12/01/2021;Loja 1;00009;002;1; 80,00 ; 80,00 
326;Venda;22/03/2021;Loja 1;00006;001;2; 250,00 ; 500,00 
327;Venda;25/12/2021;Loja 2;00006;003;2; 250,00 ; 500,00 
328;Venda;25/02/2022;Loja 1;00005;002;2; 55,00 ; 110,00 
329;Venda;27/11/2021;Loja 2;00007;004;1; 700,00 ; 700,00 
330;Venda;13/04/2021;Loja 5;00009;004;1; 80,00 ; 80,00 
331;Venda;31/05/2021;Loja 4;00003;005;1; 15,00 ; 15,00 
332;Venda;26/07/2021;Loja 1;00002;002;2; 250,00 ; 500,00 
333;Venda;26/01/2021;Loja 5;00008;004;1; 650,00 ; 650,00 
334;Venda;25/08/2021;Loja 2;00007;004;1; 700,00 ; 700,00 
335;Venda;10/10/2021;Loja 5;00009;004;1; 80,00 ; 80,00 
336;Venda;17/07/2021;Loja 3;00004;003;4; 22,00 ; 88,00 
337;Venda;18/12/2021;Loja 4;00003;005;1; 15,00 ; 15,00 
338;Venda;22/06/2021;Loja 1;00003;002;1; 15,00 ; 15,00 
339;Venda;11/04/2021;Loja 1;00001;002;2; 435,00 ; 870,00 
340;Venda;06/05/2021;Loja 1;00010;002;2; 180,00 ; 360,00 
341;Devolução;13/09/2021;Loja 1;00006;002;2; 250,00 ; 500,00 
342;Venda;27/01/2022;Loja 3;00001;003;2; 435,00 ; 870,00 
343;Venda;03/02/2021;Loja 4;00008;005;1; 650,00 ; 650,00 
344;Venda;08/06/2021;Loja 1;00007;002;1; 700,00 ; 700,00 
345;Venda;08/10/2021;Loja 5;00010;004;2; 180,00 ; 360,00 
346;Venda;05/02/2022;Loja 1;00005;001;1; 55,00 ; 55,00 
347;Venda;07/02/2021;Loja 5;00006;003;2; 250,00 ; 500,00 
348;Venda;04/07/2021;Loja 3;00009;004;2; 80,00 ; 160,00 
349;Venda;05/09/2021;Loja 1;00007;001;1; 700,00 ; 700,00 
350;Venda;09/06/2021;Loja 1;00005;002;2; 55,00 ; 110,00 
351;Venda;07/12/2021;Loja 3;00009;004;1; 80,00 ; 80,00 
352;Venda;23/04/2021;Loja 3;00007;004;1; 700,00 ; 700,00 
353;Devolução;05/02/2022;Loja 1;00004;002;4; 22,00 ; 88,00 
354;Venda;04/10/2021;Loja 4;00003;005;1; 15,00 ; 15,00 
355;Venda;05/02/2022;Loja 4;00004;005;4; 22,00 ; 88,00 
356;Venda;21/12/2021;Loja 2;00004;004;4; 22,00 ; 88,00 
357;Venda;21/09/2021;Loja 5;00004;003;4; 22,00 ; 88,00 
358;Venda;21/03/2021;Loja 2;00007;003;1; 700,00 ; 700,00 
359;Venda;18/06/2021;Loja 3;00003;003;1; 15,00 ; 15,00 
360;Venda;11/06/2021;Loja 3;00002;003;2; 250,00 ; 500,00 
361;Venda;05/12/2021;Loja 3;00007;004;1; 700,00 ; 700,00 
362;Venda;03/11/2021;Loja 4;00002;005;2; 250,00 ; 500,00 
363;Venda;12/11/2021;Loja 1;00008;001;1; 650,00 ; 650,00 
364;Devolução;05/11/2021;Loja 4;00007;005;1; 700,00 ; 700,00 
365;Venda;20/07/2021;Loja 5;00007;003;1; 700,00 ; 700,00 
366;Venda;26/04/2021;Loja 2;00006;003;2; 250,00 ; 500,00 
367;Venda;26/09/2021;Loja 5;00009;003;1; 80,00 ; 80,00 
368;Venda;17/02/2022;Loja 1;00001;001;3; 435,00 ; 1.305,00 
369;Venda;01/01/2021;Loja 4;00003;005;1; 15,00 ; 15,00 
370;Venda;03/11/2021;Loja 5;00009;004;1; 80,00 ; 80,00 
371;Venda;29/10/2021;Loja 3;00010;003;2; 180,00 ; 360,00 
372;Venda;14/01/2021;Loja 2;00005;004;1; 55,00 ; 55,00 
373;Venda;06/02/2021;Loja 1;00010;001;2; 180,00 ; 360,00 
374;Venda;12/12/2021;Loja 1;00001;001;2; 435,00 ; 870,00 
375;Venda;21/11/2021;Loja 4;00004;005;4; 22,00 ; 88,00 
376;Venda;21/02/2021;Loja 5;00008;004;1; 650,00 ; 650,00 
377;Venda;24/05/2021;Loja 4;00009;005;2; 80,00 ; 160,00 
378;Venda;01/05/2021;Loja 5;00007;003;1; 700,00 ; 700,00 
379;Venda;11/07/2021;Loja 4;00007;005;1; 700,00 ; 700,00 
380;Venda;18/08/2021;Loja 3;00003;004;1; 15,00 ; 15,00 
381;Venda;15/06/2021;Loja 2;00001;003;2; 435,00 ; 870,00 
382;Venda;08/06/2021;Loja 4;00009;005;1; 80,00 ; 80,00 
383;Venda;21/02/2022;Loja 2;00004;003;4; 22,00 ; 88,00 
384;Venda;25/03/2021;Loja 2;00005;004;1; 55,00 ; 55,00 
385;Venda;10/06/2021;Loja 4;00003;005;1; 15,00 ; 15,00 
386;Venda;05/05/2021;Loja 1;00007;001;1; 700,00 ; 700,00 
387;Venda;24/11/2021;Loja 5;00009;004;2; 80,00 ; 160,00 
388;Venda;08/06/2021;Loja 1;00005;001;1; 55,00 ; 55,00 
389;Venda;13/08/2021;Loja 2;00002;004;4; 250,00 ; 1.000,00 
390;Venda;15/09/2021;Loja 1;00008;001;1; 650,00 ; 650,00 
391;Devolução;03/01/2022;Loja 5;00010;003;2; 180,00 ; 360,00 
392;Venda;30/10/2021;Loja 2;00004;003;4; 22,00 ; 88,00 
393;Venda;28/06/2021;Loja 2;00004;003;4; 22,00 ; 88,00 
394;Venda;28/03/2021;Loja 5;00010;003;2; 180,00 ; 360,00 
395;Devolução;12/12/2021;Loja 3;00008;004;1; 650,00 ; 650,00 
396;Venda;07/09/2021;Loja 4;00009;005;2; 80,00 ; 160,00 
397;Venda;14/09/2021;Loja 2;00009;003;2; 80,00 ; 160,00 
398;Venda;01/01/2022;Loja 4;00005;005;1; 55,00 ; 55,00 
399;Venda;27/12/2021;Loja 2;00002;004;3; 250,00 ; 750,00 
400;Venda;11/08/2021;Loja 1;00006;001;2; 250,00 ; 500,00 
401;Venda;05/11/2021;Loja 5;00007;003;1; 700,00 ; 700,00 
402;Venda;28/08/2021;Loja 3;00005;004;2; 55,00 ; 110,00 
403;Venda;30/04/2021;Loja 3;00010;004;2; 180,00 ; 360,00 
404;Venda;28/12/2021;Loja 3;00009;003;1; 80,00 ; 80,00 
405;Venda;23/07/2021;Loja 5;00009;003;2; 80,00 ; 160,00 
406;Venda;06/02/2021;Loja 4;00004;005;4; 22,00 ; 88,00 
407;Venda;26/05/2021;Loja 4;00010;005;2; 180,00 ; 360,00 
408;Devolução;01/08/2021;Loja 2;00001;003;4; 435,00 ; 1.740,00 
409;Venda;04/04/2021;Loja 3;00006;004;2; 250,00 ; 500,00 
410;Venda;22/05/2021;Loja 3;00005;004;2; 55,00 ; 110,00 
411;Venda;17/10/2021;Loja 1;00004;002;4; 22,00 ; 88,00 
412;Venda;09/05/2021;Loja 5;00006;003;2; 250,00 ; 500,00 
413;Devolução;02/01/2022;Loja 4;00002;005;4; 250,00 ; 1.000,00 
414;Devolução;26/06/2021;Loja 2;00005;003;2; 55,00 ; 110,00 
415;Devolução;11/02/2022;Loja 5;00003;003;1; 15,00 ; 15,00 
416;Venda;02/10/2021;Loja 1;00005;002;2; 55,00 ; 110,00 
417;Venda;16/01/2022;Loja 3;00004;004;4; 22,00 ; 88,00 
418;Venda;20/04/2021;Loja 3;00007;003;1; 700,00 ; 700,00 
419;Venda;21/09/2021;Loja 5;00004;003;4; 22,00 ; 88,00 
420;Venda;03/02/2021;Loja 1;00008;002;1; 650,00 ; 650,00 
421;Venda;18/03/2021;Loja 1;00007;002;1; 700,00 ; 700,00 
422;Venda;03/03/2021;Loja 3;00002;003;2; 250,00 ; 500,00 
423;Venda;08/01/2021;Loja 3;00008;004;1; 650,00 ; 650,00 
424;Venda;10/03/2021;Loja 5;00007;003;1; 700,00 ; 700,00 
425;Venda;15/02/2021;Loja 2;00005;004;1; 55,00 ; 55,00 
426;Venda;02/05/2021;Loja 2;00009;003;1; 80,00 ; 80,00 
427;Venda;15/09/2021;Loja 4;00003;005;1; 15,00 ; 15,00 
428;Venda;17/08/2021;Loja 2;00001;004;3; 435,00 ; 1.305,00 
429;Venda;03/03/2021;Loja 1;00005;001;2; 55,00 ; 110,00 
430;Venda;19/04/2021;Loja 3;00005;003;1; 55,00 ; 55,00 
431;Venda;17/08/2021;Loja 3;00001;004;2; 435,00 ; 870,00 
432;Devolução;11/12/2021;Loja 4;00010;005;2; 180,00 ; 360,00 
433;Venda;25/02/2021;Loja 4;00006;005;2; 250,00 ; 500,00 
434;Venda;12/02/2022;Loja 2;00003;003;1; 15,00 ; 15,00 
435;Venda;15/12/2021;Loja 1;00009;001;1; 80,00 ; 80,00 
436;Venda;27/06/2021;Loja 5;00008;004;1; 650,00 ; 650,00 
437;Devolução;22/02/2021;Loja 3;00001;003;2; 435,00 ; 870,00 
438;Venda;23/06/2021;Loja 5;00005;004;2; 55,00 ; 110,00 
439;Venda;12/09/2021;Loja 4;00006;005;2; 250,00 ; 500,00 
440;Venda;27/04/2021;Loja 4;00007;005;1; 700,00 ; 700,00 
441;Venda;30/12/2021;Loja 3;00007;003;1; 700,00 ; 700,00 
442;Devolução;03/01/2021;Loja 4;00006;005;2; 250,00 ; 500,00 
443;Venda;15/01/2021;Loja 4;00002;005;4; 250,00 ; 1.000,00 
444;Venda;31/01/2022;Loja 3;00009;004;2; 80,00 ; 160,00 
445;Venda;06/04/2021;Loja 4;00010;005;2; 180,00 ; 360,00 
446;Devolução;03/03/2021;Loja 2;00009;004;1; 80,00 ; 80,00 
447;Venda;20/01/2021;Loja 1;00005;001;1; 55,00 ; 55,00 
448;Venda;30/10/2021;Loja 2;00002;004;2; 250,00 ; 500,00 
449;Venda;01/10/2021;Loja 3;00010;003;2; 180,00 ; 360,00 
450;Venda;22/12/2021;Loja 3;00009;004;2; 80,00 ; 160,00 
451;Venda;27/05/2021;Loja 1;00003;002;1; 15,00 ; 15,00 
452;Venda;25/01/2022;Loja 5;00001;003;4; 435,00 ; 1.740,00 
453;Venda;16/01/2021;Loja 2;00006;004;2; 250,00 ; 500,00 
454;Venda;14/05/2021;Loja 5;00001;004;2; 435,00 ; 870,00 
455;Venda;07/12/2021;Loja 5;00001;004;4; 435,00 ; 1.740,00 
456;Venda;17/03/2021;Loja 4;00005;005;2; 55,00 ; 110,00 
457;Venda;27/08/2021;Loja 5;00004;003;4; 22,00 ; 88,00 
458;Venda;13/07/2021;Loja 2;00006;004;2; 250,00 ; 500,00 
459;Venda;13/09/2021;Loja 3;00004;003;4; 22,00 ; 88,00 
460;Venda;12/02/2021;Loja 2;00008;004;1; 650,00 ; 650,00 
461;Venda;26/10/2021;Loja 4;00007;005;1; 700,00 ; 700,00 
462;Devolução;27/03/2021;Loja 1;00010;001;2; 180,00 ; 360,00 
463;Venda;11/12/2021;Loja 5;00004;003;4; 22,00 ; 88,00 
464;Venda;01/05/2021;Loja 5;00002;003;2; 250,00 ; 500,00 
465;Devolução;10/01/2021;Loja 1;00006;001;2; 250,00 ; 500,00 
466;Venda;14/12/2021;Loja 3;00009;004;1; 80,00 ; 80,00 
467;Venda;07/01/2022;Loja 3;00010;004;2; 180,00 ; 360,00 
468;Venda;31/01/2021;Loja 5;00010;003;2; 180,00 ; 360,00 
469;Venda;03/02/2021;Loja 1;00010;002;2; 180,00 ; 360,00 
470;Venda;13/12/2021;Loja 5;00002;004;4; 250,00 ; 1.000,00 
471;Venda;17/10/2021;Loja 2;00001;003;3; 435,00 ; 1.305,00 
472;Venda;17/08/2021;Loja 1;00003;002;1; 15,00 ; 15,00 
473;Venda;28/01/2021;Loja 5;00003;004;1; 15,00 ; 15,00 
474;Devolução;26/11/2021;Loja 1;00008;002;1; 650,00 ; 650,00 
475;Venda;19/04/2021;Loja 1;00007;001;1; 700,00 ; 700,00 
476;Venda;18/07/2021;Loja 1;00008;001;1; 650,00 ; 650,00 
477;Venda;23/11/2021;Loja 5;00001;004;4; 435,00 ; 1.740,00 
478;Venda;14/12/2021;Loja 5;00003;004;1; 15,00 ; 15,00 
479;Venda;01/01/2022;Loja 3;00009;004;1; 80,00 ; 80,00 
480;Venda;19/04/2021;Loja 2;00010;004;2; 180,00 ; 360,00 
481;Venda;15/07/2021;Loja 3;00001;003;2; 435,00 ; 870,00 
482;Venda;20/10/2021;Loja 3;00007;004;1; 700,00 ; 700,00 
483;Venda;16/04/2021;Loja 1;00001;001;2; 435,00 ; 870,00 
484;Venda;21/07/2021;Loja 3;00002;004;2; 250,00 ; 500,00 
485;Devolução;20/03/2021;Loja 3;00002;004;2; 250,00 ; 500,00 
486;Devolução;22/05/2021;Loja 4;00010;005;2; 180,00 ; 360,00 
487;Venda;22/09/2021;Loja 5;00002;004;2; 250,00 ; 500,00 
488;Venda;02/09/2021;Loja 2;00004;003;4; 22,00 ; 88,00 
489;Venda;16/06/2021;Loja 1;00005;002;2; 55,00 ; 110,00 
490;Venda;27/09/2021;Loja 3;00001;003;4; 435,00 ; 1.740,00 
491;Devolução;07/08/2021;Loja 2;00005;003;2; 55,00 ; 110,00 
492;Venda;27/12/2021;Loja 3;00010;003;2; 180,00 ; 360,00 
493;Venda;18/04/2021;Loja 3;00006;004;2; 250,00 ; 500,00 
494;Venda;29/05/2021;Loja 3;00001;004;2; 435,00 ; 870,00 
495;Venda;30/09/2021;Loja 2;00004;003;4; 22,00 ; 88,00 
496;Venda;10/09/2021;Loja 3;00002;004;4; 250,00 ; 1.000,00 
497;Venda;09/03/2021;Loja 3;00006;003;2; 250,00 ; 500,00 
498;Venda;30/01/2022;Loja 5;00006;004;2; 250,00 ; 500,00 
499;Venda;18/10/2021;Loja 1;00009;001;2; 80,00 ; 160,00 
500;Devolução;15/02/2021;Loja 1;00007;002;1; 700,00 ; 700,00 
501;Venda;07/02/2021;Loja 2;00002;004;3; 250,00 ; 750,00 
502;Venda;13/08/2021;Loja 4;00001;005;2; 435,00 ; 870,00 
503;Venda;17/02/2022;Loja 3;00005;004;2; 55,00 ; 110,00 
504;Venda;09/02/2022;Loja 2;00005;003;1; 55,00 ; 55,00 
505;Venda;14/10/2021;Loja 4;00002;005;2; 250,00 ; 500,00 
506;Venda;17/06/2021;Loja 4;00005;005;1; 55,00 ; 55,00 
507;Venda;30/06/2021;Loja 4;00006;005;2; 250,00 ; 500,00 
508;Venda;12/02/2022;Loja 5;00001;004;3; 435,00 ; 1.305,00 
509;Venda;21/07/2021;Loja 4;00002;005;4; 250,00 ; 1.000,00 
510;Venda;14/08/2021;Loja 3;00006;004;2; 250,00 ; 500,00 
511;Devolução;12/02/2021;Loja 2;00005;004;2; 55,00 ; 110,00 
512;Venda;14/03/2021;Loja 1;00002;002;2; 250,00 ; 500,00 
513;Venda;12/02/2022;Loja 4;00008;005;1; 650,00 ; 650,00 
514;Devolução;14/04/2021;Loja 5;00006;004;2; 250,00 ; 500,00 
515;Venda;02/03/2021;Loja 5;00001;003;2; 435,00 ; 870,00 
516;Venda;26/10/2021;Loja 1;00010;001;2; 180,00 ; 360,00 
517;Venda;15/07/2021;Loja 1;00006;001;2; 250,00 ; 500,00 
518;Devolução;13/11/2021;Loja 5;00007;004;1; 700,00 ; 700,00 
519;Venda;04/11/2021;Loja 3;00004;003;4; 22,00 ; 88,00 
520;Venda;23/11/2021;Loja 3;00009;004;2; 80,00 ; 160,00 
521;Venda;21/06/2021;Loja 4;00008;005;1; 650,00 ; 650,00 
522;Venda;23/03/2021;Loja 4;00010;005;2; 180,00 ; 360,00 
523;Venda;30/03/2021;Loja 4;00008;005;1; 650,00 ; 650,00 
524;Venda;14/02/2021;Loja 3;00001;004;2; 435,00 ; 870,00 
525;Venda;30/07/2021;Loja 3;00001;003;4; 435,00 ; 1.740,00 
526;Venda;07/04/2021;Loja 1;00003;002;1; 15,00 ; 15,00 
527;Venda;29/03/2021;Loja 5;00006;003;2; 250,00 ; 500,00 
528;Venda;18/07/2021;Loja 1;00005;001;1; 55,00 ; 55,00 
529;Venda;22/09/2021;Loja 5;00003;003;1; 15,00 ; 15,00 
530;Venda;03/12/2021;Loja 1;00004;002;4; 22,00 ; 88,00 
531;Devolução;03/06/2021;Loja 1;00006;002;2; 250,00 ; 500,00 
532;Venda;09/04/2021;Loja 2;00006;004;2; 250,00 ; 500,00 
533;Venda;28/05/2021;Loja 5;00005;003;2; 55,00 ; 110,00 
534;Venda;12/01/2022;Loja 2;00007;004;1; 700,00 ; 700,00 
535;Venda;05/01/2022;Loja 1;00006;001;2; 250,00 ; 500,00 
536;Venda;21/11/2021;Loja 3;00004;004;4; 22,00 ; 88,00 
537;Devolução;18/05/2021;Loja 3;00003;004;1; 15,00 ; 15,00 
538;Venda;10/06/2021;Loja 1;00006;002;2; 250,00 ; 500,00 
539;Venda;27/01/2022;Loja 4;00002;005;4; 250,00 ; 1.000,00 
540;Venda;14/10/2021;Loja 3;00006;004;2; 250,00 ; 500,00 
541;Venda;30/01/2022;Loja 1;00002;001;2; 250,00 ; 500,00 
542;Venda;09/09/2021;Loja 1;00002;001;2; 250,00 ; 500,00 
543;Venda;09/09/2021;Loja 4;00009;005;1; 80,00 ; 80,00 
544;Venda;11/07/2021;Loja 3;00005;003;1; 55,00 ; 55,00 
545;Venda;08/05/2021;Loja 5;00010;004;2; 180,00 ; 360,00 
546;Devolução;28/11/2021;Loja 1;00003;002;1; 15,00 ; 15,00 
547;Venda;16/07/2021;Loja 5;00008;003;1; 650,00 ; 650,00 
548;Venda;18/02/2022;Loja 4;00009;005;2; 80,00 ; 160,00 
549;Venda;25/10/2021;Loja 1;00008;001;1; 650,00 ; 650,00 
550;Venda;05/01/2021;Loja 5;00004;003;4; 22,00 ; 88,00 
551;Venda;12/02/2021;Loja 1;00006;001;2; 250,00 ; 500,00 
552;Venda;20/08/2021;Loja 2;00005;004;1; 55,00 ; 55,00 
553;Venda;11/05/2021;Loja 4;00003;005;1; 15,00 ; 15,00 
554;Venda;23/08/2021;Loja 2;00002;003;3; 250,00 ; 750,00 
555;Venda;10/07/2021;Loja 1;00010;001;2; 180,00 ; 360,00 
556;Venda;24/08/2021;Loja 2;00005;004;1; 55,00 ; 55,00 
557;Venda;14/04/2021;Loja 4;00005;005;1; 55,00 ; 55,00 
558;Venda;22/04/2021;Loja 5;00007;004;1; 700,00 ; 700,00 
559;Venda;12/05/2021;Loja 4;00004;005;4; 22,00 ; 88,00 
560;Venda;11/08/2021;Loja 1;00002;001;3; 250,00 ; 750,00 
561;Venda;15/09/2021;Loja 5;00008;004;1; 650,00 ; 650,00 
562;Venda;24/12/2021;Loja 2;00006;003;2; 250,00 ; 500,00 
563;Venda;13/10/2021;Loja 5;00009;004;2; 80,00 ; 160,00 
564;Venda;12/05/2021;Loja 2;00006;004;2; 250,00 ; 500,00 
565;Venda;03/02/2021;Loja 4;00002;005;2; 250,00 ; 500,00 
566;Devolução;07/04/2021;Loja 4;00004;005;4; 22,00 ; 88,00 
567;Venda;29/05/2021;Loja 2;00003;003;1; 15,00 ; 15,00 
568;Venda;02/06/2021;Loja 4;00001;005;4; 435,00 ; 1.740,00 
569;Venda;20/03/2021;Loja 5;00009;003;2; 80,00 ; 160,00 
570;Devolução;16/07/2021;Loja 1;00003;002;1; 15,00 ; 15,00 
571;Venda;14/09/2021;Loja 2;00010;003;2; 180,00 ; 360,00 
572;Venda;11/01/2022;Loja 2;00001;004;4; 435,00 ; 1.740,00 
573;Venda;24/05/2021;Loja 4;00010;005;2; 180,00 ; 360,00 
574;Venda;09/09/2021;Loja 1;00007;002;1; 700,00 ; 700,00 
575;Venda;25/01/2021;Loja 4;00009;005;2; 80,00 ; 160,00 
576;Venda;29/10/2021;Loja 3;00007;003;1; 700,00 ; 700,00 
577;Venda;07/09/2021;Loja 1;00005;001;2; 55,00 ; 110,00 
578;Venda;07/03/2021;Loja 3;00008;004;1; 650,00 ; 650,00 
579;Venda;19/10/2021;Loja 1;00009;002;1; 80,00 ; 80,00 
580;Devolução;16/04/2021;Loja 1;00003;002;1; 15,00 ; 15,00 
581;Venda;15/04/2021;Loja 2;00009;003;2; 80,00 ; 160,00 
582;Venda;07/01/2022;Loja 3;00002;003;2; 250,00 ; 500,00 
583;Venda;29/08/2021;Loja 3;00009;003;1; 80,00 ; 80,00 
584;Devolução;20/03/2021;Loja 4;00008;005;1; 650,00 ; 650,00 
585;Venda;20/08/2021;Loja 3;00006;003;2; 250,00 ; 500,00 
586;Venda;09/09/2021;Loja 3;00001;004;2; 435,00 ; 870,00 
587;Venda;14/01/2021;Loja 1;00002;001;2; 250,00 ; 500,00 
588;Venda;25/01/2022;Loja 3;00005;004;1; 55,00 ; 55,00 
589;Venda;19/07/2021;Loja 3;00010;003;2; 180,00 ; 360,00 
590;Venda;03/06/2021;Loja 3;00005;004;1; 55,00 ; 55,00 
591;Venda;10/06/2021;Loja 2;00010;004;2; 180,00 ; 360,00 
592;Devolução;06/09/2021;Loja 1;00009;002;2; 80,00 ; 160,00 
593;Venda;24/04/2021;Loja 5;00003;003;1; 15,00 ; 15,00 
594;Venda;24/02/2022;Loja 2;00004;004;4; 22,00 ; 88,00 
595;Venda;20/11/2021;Loja 3;00007;003;1; 700,00 ; 700,00 
596;Venda;28/11/2021;Loja 4;00003;005;1; 15,00 ; 15,00 
597;Venda;16/08/2021;Loja 5;00001;004;4; 435,00 ; 1.740,00 
598;Venda;10/02/2021;Loja 3;00001;004;4; 435,00 ; 1.740,00 
599;Venda;14/09/2021;Loja 4;00001;005;2; 435,00 ; 870,00 
600;Devolução;16/01/2022;Loja 5;00008;003;1; 650,00 ; 650,00 
601;Venda;18/07/2021;Loja 3;00002;004;3; 250,00 ; 750,00 
602;Devolução;27/02/2021;Loja 2;00005;003;1; 55,00 ; 55,00 
603;Venda;22/03/2021;Loja 1;00010;001;2; 180,00 ; 360,00 
604;Venda;12/01/2022;Loja 4;00008;005;1; 650,00 ; 650,00 
605;Venda;23/05/2021;Loja 2;00010;004;2; 180,00 ; 360,00 
606;Venda;02/04/2021;Loja 4;00010;005;2; 180,00 ; 360,00 
607;Venda;26/05/2021;Loja 3;00008;004;1; 650,00 ; 650,00 
608;Venda;22/06/2021;Loja 5;00005;003;1; 55,00 ; 55,00 
609;Venda;23/12/2021;Loja 1;00005;002;1; 55,00 ; 55,00 
610;Venda;23/12/2021;Loja 5;00010;004;2; 180,00 ; 360,00 
611;Venda;17/07/2021;Loja 4;00008;005;1; 650,00 ; 650,00 
612;Venda;15/03/2021;Loja 3;00007;004;1; 700,00 ; 700,00 
613;Venda;15/09/2021;Loja 1;00008;002;1; 650,00 ; 650,00 
614;Venda;04/01/2022;Loja 1;00001;001;3; 435,00 ; 1.305,00 
615;Venda;26/01/2022;Loja 5;00001;004;2; 435,00 ; 870,00 
616;Venda;15/12/2021;Loja 4;00004;005;4; 22,00 ; 88,00 
617;Venda;20/11/2021;Loja 3;00001;003;2; 435,00 ; 870,00 
618;Devolução;31/01/2022;Loja 5;00006;003;2; 250,00 ; 500,00 
619;Venda;28/10/2021;Loja 4;00009;005;2; 80,00 ; 160,00 
620;Venda;01/02/2021;Loja 1;00002;001;4; 250,00 ; 1.000,00 
621;Venda;22/12/2021;Loja 1;00008;002;1; 650,00 ; 650,00 
622;Venda;06/02/2022;Loja 3;00004;004;4; 22,00 ; 88,00 
623;Venda;24/02/2022;Loja 2;00004;004;4; 22,00 ; 88,00 
624;Venda;31/01/2021;Loja 3;00007;004;1; 700,00 ; 700,00 
625;Venda;27/04/2021;Loja 2;00007;003;1; 700,00 ; 700,00 
626;Venda;26/03/2021;Loja 1;00006;001;2; 250,00 ; 500,00 
627;Venda;22/07/2021;Loja 3;00001;004;2; 435,00 ; 870,00 
628;Venda;19/12/2021;Loja 3;00006;003;2; 250,00 ; 500,00 
629;Venda;26/07/2021;Loja 1;00004;001;4; 22,00 ; 88,00 
630;Venda;16/11/2021;Loja 4;00005;005;1; 55,00 ; 55,00 
631;Venda;10/11/2021;Loja 4;00002;005;3; 250,00 ; 750,00 
632;Venda;25/04/2021;Loja 1;00004;002;4; 22,00 ; 88,00 
633;Venda;11/04/2021;Loja 3;00008;003;1; 650,00 ; 650,00 
634;Venda;11/01/2021;Loja 5;00009;004;1; 80,00 ; 80,00 
635;Venda;10/10/2021;Loja 3;00001;004;4; 435,00 ; 1.740,00 
636;Venda;13/08/2021;Loja 3;00001;003;3; 435,00 ; 1.305,00 
637;Venda;08/02/2021;Loja 2;00004;003;4; 22,00 ; 88,00 
638;Devolução;10/10/2021;Loja 5;00003;003;1; 15,00 ; 15,00 
639;Venda;07/05/2021;Loja 3;00001;003;3; 435,00 ; 1.305,00 
640;Venda;17/02/2021;Loja 2;00005;004;1; 55,00 ; 55,00 
641;Venda;26/09/2021;Loja 2;00005;004;1; 55,00 ; 55,00 
642;Venda;20/05/2021;Loja 2;00002;004;4; 250,00 ; 1.000,00 
643;Venda;17/03/2021;Loja 5;00008;003;1; 650,00 ; 650,00 
644;Venda;24/06/2021;Loja 4;00005;005;2; 55,00 ; 110,00 
645;Venda;02/01/2021;Loja 3;00001;003;2; 435,00 ; 870,00 
646;Venda;14/11/2021;Loja 3;00003;003;1; 15,00 ; 15,00 
647;Venda;07/03/2021;Loja 3;00002;004;3; 250,00 ; 750,00 
648;Venda;04/04/2021;Loja 1;00010;001;2; 180,00 ; 360,00 
649;Venda;12/02/2022;Loja 1;00003;002;1; 15,00 ; 15,00 
650;Devolução;08/05/2021;Loja 4;00001;005;4; 435,00 ; 1.740,00 
651;Venda;13/10/2021;Loja 2;00010;003;2; 180,00 ; 360,00 
652;Venda;27/09/2021;Loja 1;00010;002;2; 180,00 ; 360,00 
653;Venda;05/01/2021;Loja 3;00004;003;4; 22,00 ; 88,00 
654;Venda;27/12/2021;Loja 5;00001;004;2; 435,00 ; 870,00 
655;Venda;07/02/2022;Loja 5;00009;003;2; 80,00 ; 160,00 
656;Venda;17/01/2022;Loja 5;00001;004;2; 435,00 ; 870,00 
657;Venda;08/11/2021;Loja 1;00006;002;2; 250,00 ; 500,00 
658;Venda;13/02/2021;Loja 4;00008;005;1; 650,00 ; 650,00 
659;Venda;18/01/2021;Loja 4;00006;005;2; 250,00 ; 500,00 
660;Venda;11/02/2022;Loja 2;00010;004;2; 180,00 ; 360,00 
661;Devolução;09/07/2021;Loja 3;00004;003;4; 22,00 ; 88,00 
662;Devolução;10/09/2021;Loja 5;00010;004;2; 180,00 ; 360,00 
663;Venda;29/01/2021;Loja 3;00007;004;1; 700,00 ; 700,00 
664;Venda;21/04/2021;Loja 4;00007;005;1; 700,00 ; 700,00 
665;Venda;24/12/2021;Loja 5;00004;004;4; 22,00 ; 88,00 
666;Devolução;07/12/2021;Loja 3;00001;004;4; 435,00 ; 1.740,00 
667;Venda;19/08/2021;Loja 4;00008;005;1; 650,00 ; 650,00 
668;Venda;22/02/2022;Loja 1;00003;001;1; 15,00 ; 15,00 
669;Venda;28/10/2021;Loja 1;00002;002;2; 250,00 ; 500,00 
670;Venda;20/10/2021;Loja 4;00002;005;2; 250,00 ; 500,00 
671;Venda;14/11/2021;Loja 1;00010;002;2; 180,00 ; 360,00 
672;Venda;08/04/2021;Loja 5;00007;003;1; 700,00 ; 700,00 
673;Venda;29/11/2021;Loja 3;00004;004;4; 22,00 ; 88,00 
674;Venda;25/01/2021;Loja 5;00009;004;1; 80,00 ; 80,00 
675;Venda;26/05/2021;Loja 5;00007;003;1; 700,00 ; 700,00 
676;Venda;09/12/2021;Loja 2;00005;004;1; 55,00 ; 55,00 
677;Venda;26/08/2021;Loja 1;00002;001;4; 250,00 ; 1.000,00 
678;Venda;12/10/2021;Loja 4;00003;005;1; 15,00 ; 15,00 
679;Venda;13/01/2021;Loja 3;00008;004;1; 650,00 ; 650,00 
680;Venda;03/10/2021;Loja 4;00001;005;4; 435,00 ; 1.740,00 
681;Devolução;05/01/2021;Loja 2;00010;004;2; 180,00 ; 360,00 
682;Venda;22/09/2021;Loja 1;00001;002;3; 435,00 ; 1.305,00 
683;Venda;10/09/2021;Loja 2;00004;004;4; 22,00 ; 88,00 
684;Venda;28/08/2021;Loja 5;00008;003;1; 650,00 ; 650,00 
685;Venda;16/06/2021;Loja 4;00007;005;1; 700,00 ; 700,00 
686;Venda;06/02/2022;Loja 4;00007;005;1; 700,00 ; 700,00 
687;Venda;04/10/2021;Loja 4;00002;005;3; 250,00 ; 750,00 
688;Venda;19/04/2021;Loja 1;00005;001;2; 55,00 ; 110,00 
689;Venda;31/08/2021;Loja 1;00006;001;2; 250,00 ; 500,00 
690;Venda;18/04/2021;Loja 2;00003;003;1; 15,00 ; 15,00 
691;Venda;18/07/2021;Loja 5;00006;004;2; 250,00 ; 500,00 
692;Venda;15/07/2021;Loja 1;00007;001;1; 700,00 ; 700,00 
693;Venda;06/11/2021;Loja 1;00005;002;1; 55,00 ; 55,00 
694;Venda;14/08/2021;Loja 3;00006;003;2; 250,00 ; 500,00 
695;Venda;13/03/2021;Loja 1;00003;001;1; 15,00 ; 15,00 
696;Venda;17/06/2021;Loja 1;00010;001;2; 180,00 ; 360,00 
697;Venda;06/04/2021;Loja 1;00007;002;1; 700,00 ; 700,00 
698;Venda;28/04/2021;Loja 1;00005;002;2; 55,00 ; 110,00 
699;Venda;08/09/2021;Loja 2;00007;004;1; 700,00 ; 700,00 
700;Venda;23/05/2021;Loja 2;00001;004;2; 435,00 ; 870,00 
701;Venda;04/04/2021;Loja 3;00006;004;2; 250,00 ; 500,00 
702;Venda;24/12/2021;Loja 1;00003;001;1; 15,00 ; 15,00 
703;Venda;04/03/2021;Loja 1;00002;002;2; 250,00 ; 500,00 
704;Devolução;25/04/2021;Loja 5;00006;003;2; 250,00 ; 500,00 
705;Venda;26/05/2021;Loja 1;00002;001;2; 250,00 ; 500,00 
706;Venda;10/07/2021;Loja 2;00003;003;1; 15,00 ; 15,00 
707;Venda;22/09/2021;Loja 4;00002;005;2; 250,00 ; 500,00 
708;Venda;08/05/2021;Loja 1;00002;001;2; 250,00 ; 500,00 
709;Devolução;26/12/2021;Loja 5;00006;003;2; 250,00 ; 500,00 
710;Venda;04/03/2021;Loja 4;00003;005;1; 15,00 ; 15,00 
711;Venda;01/08/2021;Loja 2;00001;004;2; 435,00 ; 870,00 
712;Venda;21/04/2021;Loja 4;00007;005;1; 700,00 ; 700,00 
713;Devolução;15/05/2021;Loja 2;00009;004;2; 80,00 ; 160,00 
714;Venda;10/02/2021;Loja 2;00009;003;2; 80,00 ; 160,00 
715;Venda;17/01/2022;Loja 1;00006;001;2; 250,00 ; 500,00 
716;Venda;16/10/2021;Loja 1;00010;002;2; 180,00 ; 360,00 
717;Venda;06/03/2021;Loja 3;00010;003;2; 180,00 ; 360,00 
718;Venda;23/12/2021;Loja 4;00009;005;1; 80,00 ; 80,00 
719;Venda;25/11/2021;Loja 4;00008;005;1; 650,00 ; 650,00 
720;Venda;24/02/2022;Loja 1;00005;001;1; 55,00 ; 55,00 
721;Venda;22/10/2021;Loja 2;00001;004;2; 435,00 ; 870,00 
722;Venda;01/08/2021;Loja 4;00008;005;1; 650,00 ; 650,00 
723;Devolução;15/12/2021;Loja 5;00001;003;4; 435,00 ; 1.740,00 
724;Devolução;05/01/2022;Loja 2;00004;003;4; 22,00 ; 88,00 
725;Venda;04/05/2021;Loja 1;00006;002;2; 250,00 ; 500,00 
726;Venda;21/10/2021;Loja 5;00005;004;2; 55,00 ; 110,00 
727;Venda;09/11/2021;Loja 5;00010;004;2; 180,00 ; 360,00 
728;Venda;07/01/2021;Loja 3;00003;004;1; 15,00 ; 15,00 
729;Venda;12/10/2021;Loja 5;00006;003;2; 250,00 ; 500,00 
730;Venda;03/11/2021;Loja 4;00003;005;1; 15,00 ; 15,00 
731;Venda;31/05/2021;Loja 5;00004;004;4; 22,00 ; 88,00 
732;Devolução;30/09/2021;Loja 2;00004;004;4; 22,00 ; 88,00 
733;Venda;24/01/2022;Loja 3;00008;003;1; 650,00 ; 650,00 
734;Venda;27/07/2021;Loja 1;00006;002;2; 250,00 ; 500,00 
735;Venda;02/07/2021;Loja 3;00007;004;1; 700,00 ; 700,00 
736;Venda;19/01/2021;Loja 1;00002;002;3; 250,00 ; 750,00 
737;Venda;15/12/2021;Loja 1;00008;001;1; 650,00 ; 650,00 
738;Venda;14/09/2021;Loja 3;00009;004;1; 80,00 ; 80,00 
739;Venda;16/03/2021;Loja 2;00008;004;1; 650,00 ; 650,00 
740;Venda;02/12/2021;Loja 2;00009;004;1; 80,00 ; 80,00 
741;Venda;12/01/2021;Loja 5;00009;003;1; 80,00 ; 80,00 
742;Venda;07/06/2021;Loja 5;00010;003;2; 180,00 ; 360,00 
743;Venda;17/05/2021;Loja 4;00005;005;2; 55,00 ; 110,00 
744;Devolução;04/02/2022;Loja 4;00009;005;2; 80,00 ; 160,00 
745;Venda;18/01/2022;Loja 2;00004;003;4; 22,00 ; 88,00 
746;Venda;12/05/2021;Loja 4;00006;005;2; 250,00 ; 500,00 
747;Venda;09/02/2022;Loja 3;00007;003;1; 700,00 ; 700,00 
748;Devolução;30/09/2021;Loja 5;00010;003;2; 180,00 ; 360,00 
749;Venda;10/11/2021;Loja 5;00007;003;1; 700,00 ; 700,00 
750;Venda;11/10/2021;Loja 3;00003;004;1; 15,00 ; 15,00 
751;Venda;09/09/2021;Loja 5;00008;004;1; 650,00 ; 650,00 
752;Venda;25/01/2022;Loja 4;00003;005;1; 15,00 ; 15,00 
753;Venda;26/04/2021;Loja 5;00006;004;2; 250,00 ; 500,00 
754;Venda;24/09/2021;Loja 2;00003;004;1; 15,00 ; 15,00 
755;Venda;10/01/2022;Loja 3;00005;003;1; 55,00 ; 55,00 
756;Venda;29/01/2021;Loja 5;00010;004;2; 180,00 ; 360,00 
757;Venda;12/12/2021;Loja 1;00008;002;1; 650,00 ; 650,00 
758;Venda;22/12/2021;Loja 4;00008;005;1; 650,00 ; 650,00 
759;Venda;01/02/2021;Loja 3;00010;004;2; 180,00 ; 360,00 
760;Venda;07/02/2022;Loja 5;00008;004;1; 650,00 ; 650,00 
761;Venda;29/11/2021;Loja 2;00010;003;2; 180,00 ; 360,00 
762;Venda;09/03/2021;Loja 1;00002;001;3; 250,00 ; 750,00 
763;Venda;11/01/2021;Loja 5;00005;004;1; 55,00 ; 55,00 
764;Venda;18/03/2021;Loja 2;00007;003;1; 700,00 ; 700,00 
765;Venda;10/06/2021;Loja 1;00001;001;2; 435,00 ; 870,00 
766;Venda;31/01/2022;Loja 3;00002;004;4; 250,00 ; 1.000,00 
767;Venda;30/01/2022;Loja 3;00002;004;3; 250,00 ; 750,00 
768;Venda;10/04/2021;Loja 1;00003;001;1; 15,00 ; 15,00 
769;Venda;21/04/2021;Loja 1;00009;001;2; 80,00 ; 160,00 
770;Venda;07/02/2022;Loja 1;00001;002;2; 435,00 ; 870,00 
771;Venda;03/05/2021;Loja 3;00002;003;4; 250,00 ; 1.000,00 
772;Venda;23/06/2021;Loja 5;00009;003;2; 80,00 ; 160,00 
773;Venda;14/02/2021;Loja 4;00004;005;4; 22,00 ; 88,00 
774;Venda;27/09/2021;Loja 4;00005;005;2; 55,00 ; 110,00 
775;Venda;10/02/2022;Loja 4;00001;005;2; 435,00 ; 870,00 
776;Venda;19/04/2021;Loja 3;00003;003;1; 15,00 ; 15,00 
777;Venda;23/02/2021;Loja 1;00005;001;1; 55,00 ; 55,00 
778;Venda;27/03/2021;Loja 5;00007;003;1; 700,00 ; 700,00 
779;Venda;17/11/2021;Loja 5;00003;004;1; 15,00 ; 15,00 
780;Venda;21/10/2021;Loja 5;00010;003;2; 180,00 ; 360,00 
781;Venda;05/02/2022;Loja 2;00006;004;2; 250,00 ; 500,00 
782;Venda;22/10/2021;Loja 1;00001;002;4; 435,00 ; 1.740,00 
783;Venda;27/11/2021;Loja 3;00006;003;2; 250,00 ; 500,00 
784;Venda;21/07/2021;Loja 4;00009;005;2; 80,00 ; 160,00 
785;Venda;30/10/2021;Loja 3;00003;003;1; 15,00 ; 15,00 
786;Venda;29/11/2021;Loja 4;00009;005;1; 80,00 ; 80,00 
787;Venda;19/02/2021;Loja 2;00003;003;1; 15,00 ; 15,00 
788;Venda;10/07/2021;Loja 5;00005;004;2; 55,00 ; 110,00 
789;Venda;16/04/2021;Loja 4;00002;005;2; 250,00 ; 500,00 
790;Venda;02/12/2021;Loja 2;00009;003;2; 80,00 ; 160,00 
791;Venda;29/12/2021;Loja 4;00008;005;1; 650,00 ; 650,00 
792;Venda;11/04/2021;Loja 3;00010;003;2; 180,00 ; 360,00 
793;Venda;03/07/2021;Loja 4;00004;005;4; 22,00 ; 88,00 
794;Devolução;10/12/2021;Loja 1;00001;002;2; 435,00 ; 870,00 
795;Devolução;20/03/2021;Loja 1;00001;001;3; 435,00 ; 1.305,00 
796;Devolução;20/09/2021;Loja 4;00004;005;4; 22,00 ; 88,00 
797;Venda;19/05/2021;Loja 3;00001;004;2; 435,00 ; 870,00 
798;Venda;02/01/2021;Loja 2;00009;004;2; 80,00 ; 160,00 
799;Venda;12/09/2021;Loja 2;00006;003;2; 250,00 ; 500,00 
800;Venda;14/10/2021;Loja 1;00005;001;2; 55,00 ; 110,00 
801;Venda;21/08/2021;Loja 3;00010;004;2; 180,00 ; 360,00 
802;Venda;23/04/2021;Loja 5;00001;003;3; 435,00 ; 1.305,00 
803;Venda;25/02/2021;Loja 4;00009;005;1; 80,00 ; 80,00 
804;Venda;18/02/2021;Loja 3;00009;004;1; 80,00 ; 80,00 
805;Venda;15/03/2021;Loja 2;00003;004;1; 15,00 ; 15,00 
806;Venda;07/11/2021;Loja 1;00010;002;2; 180,00 ; 360,00 
807;Venda;11/12/2021;Loja 1;00009;001;1; 80,00 ; 80,00 
808;Venda;07/11/2021;Loja 5;00008;004;1; 650,00 ; 650,00 
809;Venda;28/05/2021;Loja 1;00006;001;2; 250,00 ; 500,00 
810;Venda;28/09/2021;Loja 1;00001;001;4; 435,00 ; 1.740,00 
811;Venda;23/07/2021;Loja 3;00007;004;1; 700,00 ; 700,00 
812;Venda;11/01/2022;Loja 2;00002;003;2; 250,00 ; 500,00 
813;Venda;28/12/2021;Loja 1;00003;002;1; 15,00 ; 15,00 
814;Venda;12/06/2021;Loja 2;00008;004;1; 650,00 ; 650,00 
815;Venda;18/02/2022;Loja 4;00001;005;4; 435,00 ; 1.740,00 
816;Venda;29/05/2021;Loja 1;00004;002;4; 22,00 ; 88,00 
817;Devolução;18/02/2022;Loja 3;00003;004;1; 15,00 ; 15,00 
818;Venda;26/04/2021;Loja 5;00003;004;1; 15,00 ; 15,00 
819;Venda;27/09/2021;Loja 5;00001;003;2; 435,00 ; 870,00 
820;Venda;14/07/2021;Loja 2;00007;004;1; 700,00 ; 700,00 
821;Devolução;08/09/2021;Loja 4;00010;005;2; 180,00 ; 360,00 
822;Venda;02/06/2021;Loja 2;00001;004;3; 435,00 ; 1.305,00 
823;Venda;06/10/2021;Loja 3;00001;003;2; 435,00 ; 870,00 
824;Venda;10/11/2021;Loja 5;00010;003;2; 180,00 ; 360,00 
825;Venda;05/08/2021;Loja 2;00007;004;1; 700,00 ; 700,00 
826;Venda;22/12/2021;Loja 1;00003;002;1; 15,00 ; 15,00 
827;Venda;03/12/2021;Loja 1;00008;001;1; 650,00 ; 650,00 
828;Venda;06/08/2021;Loja 2;00006;004;2; 250,00 ; 500,00 
829;Venda;07/11/2021;Loja 1;00008;002;1; 650,00 ; 650,00 
830;Venda;20/07/2021;Loja 2;00007;003;1; 700,00 ; 700,00 
831;Venda;07/02/2021;Loja 3;00008;003;1; 650,00 ; 650,00 
832;Venda;10/01/2022;Loja 2;00003;003;1; 15,00 ; 15,00 
833;Venda;31/07/2021;Loja 2;00003;004;1; 15,00 ; 15,00 
834;Venda;23/06/2021;Loja 3;00004;004;4; 22,00 ; 88,00 
835;Venda;27/07/2021;Loja 5;00010;003;2; 180,00 ; 360,00 
836;Venda;07/02/2022;Loja 5;00008;004;1; 650,00 ; 650,00 
837;Devolução;02/01/2021;Loja 2;00006;004;2; 250,00 ; 500,00 
838;Venda;22/07/2021;Loja 4;00007;005;1; 700,00 ; 700,00 
839;Venda;26/09/2021;Loja 1;00002;002;4; 250,00 ; 1.000,00 
840;Venda;08/01/2022;Loja 3;00004;004;4; 22,00 ; 88,00 
841;Venda;04/09/2021;Loja 2;00008;003;1; 650,00 ; 650,00 
842;Venda;30/09/2021;Loja 5;00010;003;2; 180,00 ; 360,00 
843;Venda;15/04/2021;Loja 2;00003;003;1; 15,00 ; 15,00 
844;Venda;16/03/2021;Loja 1;00006;002;2; 250,00 ; 500,00 
845;Venda;26/11/2021;Loja 1;00001;002;2; 435,00 ; 870,00 
846;Venda;01/02/2021;Loja 3;00010;004;2; 180,00 ; 360,00 
847;Venda;23/12/2021;Loja 4;00003;005;1; 15,00 ; 15,00 
848;Venda;28/03/2021;Loja 5;00002;003;2; 250,00 ; 500,00 
849;Venda;24/06/2021;Loja 2;00010;004;2; 180,00 ; 360,00 
850;Venda;06/02/2021;Loja 4;00005;005;1; 55,00 ; 55,00 
851;Venda;02/12/2021;Loja 5;00007;004;1; 700,00 ; 700,00 
852;Venda;07/02/2021;Loja 3;00002;004;4; 250,00 ; 1.000,00 
853;Venda;25/06/2021;Loja 4;00002;005;2; 250,00 ; 500,00 
854;Devolução;18/04/2021;Loja 5;00005;004;2; 55,00 ; 110,00 
855;Venda;17/12/2021;Loja 5;00010;003;2; 180,00 ; 360,00 
856;Venda;14/11/2021;Loja 4;00009;005;2; 80,00 ; 160,00 
857;Venda;31/01/2021;Loja 1;00003;001;1; 15,00 ; 15,00 
858;Venda;31/05/2021;Loja 5;00008;003;1; 650,00 ; 650,00 
859;Venda;24/02/2022;Loja 5;00002;004;2; 250,00 ; 500,00 
860;Venda;17/10/2021;Loja 3;00008;003;1; 650,00 ; 650,00 
861;Venda;02/09/2021;Loja 3;00006;003;2; 250,00 ; 500,00 
862;Venda;08/09/2021;Loja 2;00005;003;1; 55,00 ; 55,00 
863;Venda;25/05/2021;Loja 5;00002;003;4; 250,00 ; 1.000,00 
864;Venda;24/05/2021;Loja 2;00002;003;2; 250,00 ; 500,00 
865;Devolução;10/07/2021;Loja 1;00005;002;1; 55,00 ; 55,00 
866;Venda;31/08/2021;Loja 5;00001;003;4; 435,00 ; 1.740,00 
867;Venda;05/07/2021;Loja 5;00003;004;1; 15,00 ; 15,00 
868;Venda;09/02/2021;Loja 4;00001;005;4; 435,00 ; 1.740,00 
869;Venda;25/07/2021;Loja 2;00008;003;1; 650,00 ; 650,00 
870;Venda;10/12/2021;Loja 3;00002;003;3; 250,00 ; 750,00 
871;Venda;02/02/2021;Loja 1;00007;001;1; 700,00 ; 700,00 
872;Venda;07/03/2021;Loja 4;00007;005;1; 700,00 ; 700,00 
873;Venda;27/02/2021;Loja 2;00002;003;3; 250,00 ; 750,00 
874;Venda;04/08/2021;Loja 5;00004;004;4; 22,00 ; 88,00 
875;Venda;24/12/2021;Loja 1;00004;001;4; 22,00 ; 88,00 
876;Venda;23/07/2021;Loja 1;00004;001;4; 22,00 ; 88,00 
877;Venda;22/01/2022;Loja 4;00009;005;1; 80,00 ; 80,00 
878;Venda;19/06/2021;Loja 2;00003;004;1; 15,00 ; 15,00 
879;Venda;03/09/2021;Loja 2;00006;003;2; 250,00 ; 500,00 
880;Venda;12/05/2021;Loja 4;00002;005;4; 250,00 ; 1.000,00 
881;Devolução;10/02/2022;Loja 3;00003;004;1; 15,00 ; 15,00 
882;Venda;22/09/2021;Loja 4;00003;005;1; 15,00 ; 15,00 
883;Venda;16/11/2021;Loja 4;00005;005;2; 55,00 ; 110,00 
884;Venda;27/05/2021;Loja 2;00010;003;2; 180,00 ; 360,00 
885;Venda;16/05/2021;Loja 4;00005;005;1; 55,00 ; 55,00 
886;Venda;13/05/2021;Loja 4;00005;005;2; 55,00 ; 110,00 
887;Venda;14/02/2021;Loja 1;00003;002;1; 15,00 ; 15,00 
888;Venda;13/02/2022;Loja 2;00003;004;1; 15,00 ; 15,00 
889;Venda;03/03/2021;Loja 1;00003;002;1; 15,00 ; 15,00 
890;Venda;17/03/2021;Loja 3;00007;003;1; 700,00 ; 700,00 
891;Venda;29/01/2022;Loja 5;00001;004;2; 435,00 ; 870,00 
892;Venda;17/03/2021;Loja 2;00002;003;4; 250,00 ; 1.000,00 
893;Venda;27/04/2021;Loja 3;00002;003;2; 250,00 ; 500,00 
894;Venda;19/10/2021;Loja 3;00009;004;1; 80,00 ; 80,00 
895;Devolução;06/09/2021;Loja 1;00002;001;4; 250,00 ; 1.000,00 
896;Venda;09/09/2021;Loja 1;00003;001;1; 15,00 ; 15,00 
897;Venda;26/03/2021;Loja 2;00004;003;4; 22,00 ; 88,00 
898;Devolução;30/05/2021;Loja 5;00003;003;1; 15,00 ; 15,00 
899;Devolução;27/04/2021;Loja 2;00005;003;1; 55,00 ; 55,00 
900;Venda;18/02/2021;Loja 2;00008;003;1; 650,00 ; 650,00 
901;Venda;28/07/2021;Loja 2;00010;004;2; 180,00 ; 360,00 
902;Venda;04/01/2021;Loja 4;00010;005;2; 180,00 ; 360,00 
903;Devolução;21/07/2021;Loja 3;00003;003;1; 15,00 ; 15,00 
904;Venda;13/03/2021;Loja 3;00009;004;2; 80,00 ; 160,00 
905;Devolução;13/02/2022;Loja 2;00010;003;2; 180,00 ; 360,00 
906;Venda;16/11/2021;Loja 3;00006;004;2; 250,00 ; 500,00 
907;Venda;09/12/2021;Loja 5;00004;003;4; 22,00 ; 88,00 
908;Venda;02/02/2021;Loja 2;00006;004;2; 250,00 ; 500,00 
909;Venda;23/10/2021;Loja 2;00004;004;4; 22,00 ; 88,00 
910;Venda;22/08/2021;Loja 1;00006;001;2; 250,00 ; 500,00 
911;Venda;07/09/2021;Loja 1;00002;001;2; 250,00 ; 500,00 
912;Venda;12/04/2021;Loja 4;00001;005;2; 435,00 ; 870,00 
913;Devolução;07/04/2021;Loja 3;00004;004;4; 22,00 ; 88,00 
914;Venda;14/01/2021;Loja 2;00001;003;2; 435,00 ; 870,00 
915;Venda;13/01/2022;Loja 3;00007;004;1; 700,00 ; 700,00 
916;Venda;14/01/2021;Loja 5;00010;004;2; 180,00 ; 360,00 
917;Venda;04/02/2021;Loja 1;00005;002;2; 55,00 ; 110,00 
918;Venda;16/10/2021;Loja 5;00007;003;1; 700,00 ; 700,00 
919;Venda;11/01/2022;Loja 2;00008;004;1; 650,00 ; 650,00 
920;Venda;19/03/2021;Loja 4;00009;005;2; 80,00 ; 160,00 
921;Venda;14/02/2021;Loja 4;00009;005;2; 80,00 ; 160,00 
922;Venda;05/07/2021;Loja 4;00006;005;2; 250,00 ; 500,00 
923;Venda;26/05/2021;Loja 3;00005;004;2; 55,00 ; 110,00 
924;Venda;29/10/2021;Loja 5;00006;003;2; 250,00 ; 500,00 
925;Devolução;03/02/2022;Loja 4;00004;005;4; 22,00 ; 88,00 
926;Venda;14/06/2021;Loja 1;00010;002;2; 180,00 ; 360,00 
927;Devolução;02/12/2021;Loja 5;00001;003;4; 435,00 ; 1.740,00 
928;Venda;12/03/2021;Loja 4;00003;005;1; 15,00 ; 15,00 
929;Devolução;17/07/2021;Loja 5;00006;004;2; 250,00 ; 500,00 
930;Venda;27/01/2022;Loja 5;00003;004;1; 15,00 ; 15,00 
931;Venda;14/12/2021;Loja 4;00010;005;2; 180,00 ; 360,00 
932;Venda;04/11/2021;Loja 2;00008;003;1; 650,00 ; 650,00 
933;Venda;03/03/2021;Loja 2;00001;004;2; 435,00 ; 870,00 
934;Venda;04/02/2021;Loja 2;00002;004;4; 250,00 ; 1.000,00 
935;Venda;11/12/2021;Loja 4;00004;005;4; 22,00 ; 88,00 
936;Venda;11/06/2021;Loja 5;00007;004;1; 700,00 ; 700,00 
937;Venda;28/09/2021;Loja 2;00008;004;1; 650,00 ; 650,00 
938;Venda;06/11/2021;Loja 2;00009;003;1; 80,00 ; 80,00 
939;Venda;14/12/2021;Loja 1;00004;002;4; 22,00 ; 88,00 
940;Devolução;11/12/2021;Loja 2;00007;003;1; 700,00 ; 700,00 
941;Venda;04/05/2021;Loja 4;00006;005;2; 250,00 ; 500,00 
942;Venda;02/05/2021;Loja 2;00003;003;1; 15,00 ; 15,00 
943;Venda;04/08/2021;Loja 1;00001;002;2; 435,00 ; 870,00 
944;Venda;29/12/2021;Loja 2;00005;003;2; 55,00 ; 110,00 
945;Venda;22/01/2022;Loja 5;00009;003;2; 80,00 ; 160,00 
946;Venda;22/02/2022;Loja 2;00008;004;1; 650,00 ; 650,00 
947;Devolução;25/01/2022;Loja 2;00001;003;3; 435,00 ; 1.305,00 
948;Venda;25/12/2021;Loja 3;00006;003;2; 250,00 ; 500,00 
949;Venda;05/01/2021;Loja 4;00009;005;2; 80,00 ; 160,00 
950;Venda;10/01/2021;Loja 3;00003;003;1; 15,00 ; 15,00 
951;Venda;22/06/2021;Loja 3;00002;003;2; 250,00 ; 500,00 
952;Venda;10/10/2021;Loja 3;00001;003;2; 435,00 ; 870,00 
953;Venda;18/07/2021;Loja 4;00003;005;1; 15,00 ; 15,00 
954;Venda;23/10/2021;Loja 2;00009;003;2; 80,00 ; 160,00 
955;Venda;15/10/2021;Loja 3;00004;003;4; 22,00 ; 88,00 
956;Devolução;13/02/2022;Loja 4;00010;005;2; 180,00 ; 360,00 
957;Venda;26/02/2021;Loja 3;00007;004;1; 700,00 ; 700,00 
958;Venda;08/07/2021;Loja 5;00005;003;2; 55,00 ; 110,00 
959;Venda;17/06/2021;Loja 5;00002;003;2; 250,00 ; 500,00 
960;Venda;23/03/2021;Loja 2;00006;003;2; 250,00 ; 500,00 
961;Devolução;29/07/2021;Loja 3;00008;004;1; 650,00 ; 650,00 
962;Venda;03/10/2021;Loja 3;00003;004;1; 15,00 ; 15,00 
963;Venda;20/11/2021;Loja 4;00006;005;2; 250,00 ; 500,00 
964;Venda;04/01/2022;Loja 4;00004;005;4; 22,00 ; 88,00 
965;Devolução;04/01/2021;Loja 4;00005;005;1; 55,00 ; 55,00 
966;Venda;22/12/2021;Loja 2;00004;004;4; 22,00 ; 88,00 
967;Venda;15/12/2021;Loja 4;00005;005;1; 55,00 ; 55,00 
968;Venda;20/04/2021;Loja 4;00006;005;2; 250,00 ; 500,00 
969;Venda;22/04/2021;Loja 5;00009;003;1; 80,00 ; 80,00 
970;Devolução;17/05/2021;Loja 1;00009;002;2; 80,00 ; 160,00 
971;Venda;29/04/2021;Loja 3;00004;004;4; 22,00 ; 88,00 
972;Devolução;06/06/2021;Loja 4;00008;005;1; 650,00 ; 650,00 
973;Venda;14/09/2021;Loja 2;00001;004;2; 435,00 ; 870,00 
974;Venda;28/01/2022;Loja 2;00003;003;1; 15,00 ; 15,00 
975;Venda;10/02/2022;Loja 4;00010;005;2; 180,00 ; 360,00 
976;Venda;06/05/2021;Loja 2;00001;003;4; 435,00 ; 1.740,00 
977;Venda;25/07/2021;Loja 1;00008;002;1; 650,00 ; 650,00 
978;Venda;03/09/2021;Loja 2;00009;004;2; 80,00 ; 160,00 
979;Venda;10/09/2021;Loja 3;00003;004;1; 15,00 ; 15,00 
980;Venda;19/02/2022;Loja 2;00008;004;1; 650,00 ; 650,00 
981;Venda;20/12/2021;Loja 3;00001;003;2; 435,00 ; 870,00 
982;Venda;25/08/2021;Loja 1;00010;001;2; 180,00 ; 360,00 
983;Venda;15/02/2022;Loja 3;00006;004;2; 250,00 ; 500,00 
984;Venda;10/05/2021;Loja 1;00002;001;2; 250,00 ; 500,00 
985;Venda;29/09/2021;Loja 5;00002;003;3; 250,00 ; 750,00 
986;Venda;16/11/2021;Loja 1;00001;002;2; 435,00 ; 870,00 
987;Venda;23/06/2021;Loja 2;00010;004;2; 180,00 ; 360,00 
988;Venda;28/06/2021;Loja 2;00001;004;4; 435,00 ; 1.740,00 
989;Venda;28/05/2021;Loja 5;00010;004;2; 180,00 ; 360,00 
990;Venda;29/08/2021;Loja 4;00004;005;4; 22,00 ; 88,00 
991;Venda;29/05/2021;Loja 1;00010;001;2; 180,00 ; 360,00 
992;Venda;06/02/2021;Loja 1;00010;001;2; 180,00 ; 360,00 
993;Venda;27/02/2022;Loja 2;00010;004;2; 180,00 ; 360,00 
994;Venda;20/11/2021;Loja 1;00010;002;2; 180,00 ; 360,00 
995;Venda;26/09/2021;Loja 4;00006;005;2; 250,00 ; 500,00 
996;Venda;16/08/2021;Loja 2;00009;003;1; 80,00 ; 80,00 
997;Devolução;19/08/2021;Loja 4;00004;005;4; 22,00 ; 88,00 
998;Venda;15/06/2021;Loja 3;00002;004;2; 250,00 ; 500,00 
999;Venda;06/12/2021;Loja 1;00004;002;4; 22,00 ; 88,00 
1000;Venda;24/03/2021;Loja 2;00009;003;2; 80,00 ; 160,00 
